{
  "__meta_last_index_ts__": 1769099817.4100459,
  "drive:lc_d8d841b7-406b-429f-917d-a591cf3904a3": 1769089508.9198425,
  "C:\\WeCrunch\\market-research-agent\\workspace-agent\\search_sources\\drive\\lc_d8d841b7-406b-429f-917d-a591cf3904a3.txt": 1769089498.9287627,
  "drive:lc_013818d6-8988-4178-9b05-5babc3d8cf9b": 1769089667.538651,
  "C:\\WeCrunch\\market-research-agent\\workspace-agent\\search_sources\\drive\\lc_013818d6-8988-4178-9b05-5babc3d8cf9b.txt": 1769089657.9885154,
  "drive:lc_3c0c2c96-0c05-4d96-b173-d9f3e380bac8": 1769093471.8218293,
  "C:\\WeCrunch\\market-research-agent\\workspace-agent\\search_sources\\drive\\lc_3c0c2c96-0c05-4d96-b173-d9f3e380bac8.txt": 1769093462.0390472,
  "drive:lc_12dab6b2-7283-4704-8993-124c4d5385cb": 1769093802.6245382,
  "C:\\WeCrunch\\market-research-agent\\workspace-agent\\search_sources\\drive\\lc_12dab6b2-7283-4704-8993-124c4d5385cb.txt": 1769093792.2928956,
  "drive:lc_17ddace0-9785-48c9-b957-8102085567d9": 1769094555.944324,
  "C:\\WeCrunch\\market-research-agent\\workspace-agent\\search_sources\\drive\\lc_17ddace0-9785-48c9-b957-8102085567d9.txt": 1769094545.940443,
  "drive:lc_c186c323-4527-4eac-ae58-cafdb6ae0407": 1769095557.9756153,
  "C:\\WeCrunch\\market-research-agent\\workspace-agent\\search_sources\\drive\\lc_c186c323-4527-4eac-ae58-cafdb6ae0407.txt": 1769095547.194836,
  "drive:lc_e5629394-b9da-4bfa-8e9d-91af2b1d48ef": 1769095628.5305624,
  "C:\\WeCrunch\\market-research-agent\\workspace-agent\\search_sources\\drive\\lc_e5629394-b9da-4bfa-8e9d-91af2b1d48ef.txt": 1769095618.8597996,
  "drive:lc_74586fde-bbcc-4122-b8c3-c7fc6fbe0653": 1769095837.7113104,
  "C:\\WeCrunch\\market-research-agent\\workspace-agent\\search_sources\\drive\\lc_74586fde-bbcc-4122-b8c3-c7fc6fbe0653.txt": 1769095828.0999637,
  "drive:lc_4c591438-90cf-4b2b-ac63-97258b32e99f": 1769095910.4063337,
  "C:\\WeCrunch\\market-research-agent\\workspace-agent\\search_sources\\drive\\lc_4c591438-90cf-4b2b-ac63-97258b32e99f.txt": 1769095900.509861,
  "drive:lc_4d155acb-4d5a-468d-a57d-4acec1b22409": 1769095992.8740625,
  "C:\\WeCrunch\\market-research-agent\\workspace-agent\\search_sources\\drive\\lc_4d155acb-4d5a-468d-a57d-4acec1b22409.txt": 1769095982.9585958,
  "drive:lc_d650b967-56d1-43c0-b3ff-33b7679ca849": 1769096051.1785555,
  "C:\\WeCrunch\\market-research-agent\\workspace-agent\\search_sources\\drive\\lc_d650b967-56d1-43c0-b3ff-33b7679ca849.txt": 1769096041.3083446,
  "drive:lc_41710463-fb9c-4fb1-9dc8-259b26ce1ec6": 1769096944.7978857,
  "C:\\WeCrunch\\market-research-agent\\workspace-agent\\search_sources\\drive\\lc_41710463-fb9c-4fb1-9dc8-259b26ce1ec6.txt": 1769096934.1100078,
  "drive:lc_f848c683-b413-4d66-a6c2-88d7b7237a8e": 1769097269.619623,
  "C:\\WeCrunch\\market-research-agent\\workspace-agent\\search_sources\\drive\\lc_f848c683-b413-4d66-a6c2-88d7b7237a8e.txt": 1769097259.765729
}